date,resting_hr,hrv_rmssd,sleep_hours,sleep_hr_max,sleep_motion,night_data_coverage,steps,training_load,longest_run_km,soreness,mood,feeling_sick,device_firmware
2026-07-01,52.5,51.7,7.6,67.3,20.5,0.998,18291,50,7.0,2,4,False,2.1.0
2026-07-02,51.5,59.9,6.96,66.2,47.8,0.972,24990,90,11.0,3,4,False,2.1.0
2026-07-03,52.7,53.1,7.45,61.8,48.8,0.971,16522,45,6.0,2,4,False,2.1.0
2026-07-04,51.0,69.8,7.24,61.7,36.5,0.957,32948,120,18.0,3,4,False,2.1.0
2026-07-05,52.6,63.4,8.16,63.4,34.9,0.95,19023,50,7.0,2,4,False,2.1.0
2026-07-06,53.7,59.1,6.96,63.2,46.5,0.955,9814,0,0.0,2,4,False,2.1.0
2026-07-07,51.0,61.9,7.35,63.7,48.7,0.931,23018,90,10.0,3,4,False,2.1.0
2026-07-08,52.1,62.3,7.55,59.7,36.8,0.957,17141,50,7.0,2,4,False,2.1.0
2026-07-09,51.6,72.0,6.95,66.5,23.2,0.981,23544,90,11.0,3,4,False,2.1.0
2026-07-10,52.9,65.7,7.62,63.8,35.4,0.937,16513,45,6.0,2,4,False,2.1.0
2026-07-11,50.1,50.9,6.93,63.6,41.4,0.973,31759,120,18.0,3,4,False,2.1.0
2026-07-12,52.2,65.0,7.18,65.6,33.4,0.922,17527,50,7.0,2,4,False,2.1.0
2026-07-13,50.2,63.9,7.11,62.2,44.8,0.976,9998,0,0.0,2,4,False,2.1.0
2026-07-14,51.9,56.6,7.27,58.8,25.5,0.929,20504,90,10.0,3,4,False,2.1.0
2026-07-15,52.6,52.8,7.15,68.5,36.4,0.977,16699,50,7.0,2,4,False,2.1.0
2026-07-16,51.7,52.4,7.16,66.2,22.7,0.944,23656,90,11.0,3,4,False,2.1.0
2026-07-17,51.1,48.4,7.33,61.5,42.3,0.97,19202,45,6.0,2,4,False,2.1.0
2026-07-18,51.6,51.8,7.37,64.3,53.6,0.946,32935,120,18.0,3,4,False,2.1.0
2026-07-19,54.2,50.5,7.04,63.4,36.1,0.948,19052,50,7.0,2,4,False,2.1.0
2026-07-20,51.7,48.2,6.89,64.6,48.4,0.959,13370,0,0.0,2,4,False,2.1.0
2026-07-21,52.6,52.1,6.45,65.4,31.9,0.962,21081,90,10.0,3,4,False,2.1.0
2026-07-22,51.8,68.5,7.36,63.3,29.6,0.929,17370,50,7.0,2,4,False,2.1.0
2026-07-23,51.9,74.1,7.35,66.9,35.0,0.938,21852,90,11.0,3,4,False,2.1.0
2026-07-24,50.9,77.0,6.97,65.4,31.0,0.996,17377,45,6.0,2,4,False,2.1.0
2026-07-25,51.8,59.7,7.04,65.1,35.5,0.955,30483,120,18.0,3,4,False,2.1.0
2026-07-26,52.3,72.6,7.36,63.9,42.9,0.945,18429,50,7.0,2,4,False,2.1.0
2026-07-27,51.4,68.9,7.47,68.0,41.8,0.995,6947,0,0.0,2,4,False,2.1.0
2026-07-28,54.5,73.8,7.23,65.3,54.6,0.99,24108,90,10.0,3,4,False,2.1.0
2026-07-29,50.7,65.1,7.14,62.6,38.4,0.921,20211,50,7.0,2,4,False,2.1.0
2026-07-30,52.1,65.2,6.48,64.0,31.6,0.966,21982,90,11.0,3,4,False,2.1.0
2026-07-31,46.5,77.3,6.77,58.6,35.2,0.944,13104,7,2.0,1,5,False,2.1.0
2026-08-01,47.8,80.7,7.24,57.7,37.8,0.964,15764,18,5.0,1,5,False,2.1.0
2026-08-02,45.4,70.7,7.39,64.9,58.8,0.995,11168,8,2.0,1,5,False,2.1.0
2026-08-03,44.8,65.3,7.43,60.4,32.7,0.984,5779,0,0.0,1,5,False,2.1.0
2026-08-04,46.8,61.5,7.09,56.1,39.1,0.989,10699,14,3.0,1,5,False,2.1.0
2026-08-05,50.2,59.7,6.86,67.7,69.1,0.925,11047,8,2.0,1,5,False,2.1.0
2026-08-06,47.5,83.8,6.91,58.8,47.8,0.933,12335,14,3.0,1,5,False,2.1.0
2026-08-07,51.8,49.0,7.2,63.0,42.3,0.924,17507,45,6.0,2,4,False,2.1.0
2026-08-08,53.5,61.2,7.44,65.7,40.0,0.988,32874,120,18.0,3,4,False,2.1.0
2026-08-09,51.9,76.7,7.93,65.0,32.4,0.95,18491,50,7.0,2,4,False,2.1.0
2026-08-10,50.3,69.5,7.41,63.8,22.6,0.987,9681,0,0.0,2,4,False,2.1.0
2026-08-11,50.3,56.2,7.41,62.5,37.1,0.931,21622,90,10.0,3,4,False,2.1.0
2026-08-12,52.2,71.8,6.27,63.5,41.8,0.941,17542,50,7.0,2,4,False,2.1.0
2026-08-13,49.4,62.6,7.99,56.8,48.6,0.946,23208,90,11.0,3,4,False,2.1.0
2026-08-14,50.4,57.3,7.82,64.2,57.3,0.946,17458,45,6.0,2,4,False,2.1.0
2026-08-15,54.6,63.5,7.63,65.7,40.7,0.943,33884,120,18.0,3,4,False,2.1.0
2026-08-16,50.2,66.3,7.22,65.7,47.5,0.978,19196,50,7.0,2,4,False,2.1.0
2026-08-17,49.6,59.5,6.83,60.1,55.1,0.983,7951,0,0.0,2,4,False,2.1.0
2026-08-18,50.5,60.3,6.81,60.5,43.1,0.965,22913,90,10.0,3,4,False,2.1.0
2026-08-19,48.6,62.4,7.33,61.8,56.2,0.968,17213,50,7.0,2,4,False,2.1.0
2026-08-20,88.0,47.3,7.89,140.0,0.0,0.982,24520,90,11.0,3,4,False,2.1.0
2026-08-21,53.6,61.9,7.39,66.4,31.4,0.945,16571,45,6.0,2,4,False,2.1.0
2026-08-22,52.6,68.0,6.88,64.2,54.8,0.964,31166,120,18.0,3,4,False,2.1.0
2026-08-23,52.3,66.8,7.3,68.3,48.6,0.996,18931,50,7.0,2,4,False,2.1.0
2026-08-24,55.5,58.4,6.5,72.3,35.4,0.921,10964,0,0.0,2,4,False,2.1.0
2026-08-25,49.6,50.0,6.66,59.2,44.4,0.993,22414,90,10.0,3,4,False,2.1.0
2026-08-26,49.9,41.5,7.32,60.5,44.6,0.929,18307,50,7.0,2,4,False,2.1.0
2026-08-27,53.1,61.8,7.51,63.0,38.2,0.982,24530,90,11.0,3,4,False,2.1.0
2026-08-28,51.4,64.2,7.19,63.1,48.3,0.968,14855,45,6.0,2,4,False,2.1.0
2026-08-29,49.8,41.3,7.03,64.0,37.2,0.982,34033,120,18.0,3,4,False,2.1.0
2026-08-30,54.0,69.4,7.84,66.3,31.6,0.932,15879,50,7.0,2,4,False,2.2.0
2026-08-31,50.7,67.1,7.62,67.8,26.2,0.924,7439,0,0.0,2,4,False,2.2.0
2026-09-01,52.7,69.0,6.57,67.5,33.9,0.935,20395,90,10.0,3,4,False,2.2.0
2026-09-02,51.0,73.4,7.22,64.0,43.6,0.996,17585,50,7.0,2,4,False,2.2.0
2026-09-03,49.8,78.5,7.17,65.1,43.8,0.961,23823,90,11.0,3,4,False,2.2.0
2026-09-04,54.9,86.6,7.33,67.4,50.8,0.954,17299,45,6.0,2,4,False,2.2.0
2026-09-05,52.0,72.5,6.97,59.2,19.3,0.945,31711,120,18.0,3,4,False,2.2.0
2026-09-06,51.6,85.5,7.74,60.7,43.5,0.976,17673,50,7.0,2,4,False,2.2.0
2026-09-07,52.3,75.0,7.16,67.5,28.6,0.97,12896,0,0.0,2,4,False,2.2.0
2026-09-08,52.3,81.5,7.34,66.1,39.4,0.962,22130,99,11.0,3,4,False,2.2.0
2026-09-09,53.0,62.3,7.57,68.3,43.7,0.942,19690,55,7.7,2,4,False,2.2.0
2026-09-10,52.2,75.7,6.57,63.2,20.1,0.989,26775,99,12.1,3,4,False,2.2.0
2026-09-11,54.4,61.5,6.7,57.5,34.6,1.0,18232,50,6.6,2,4,False,2.2.0
2026-09-12,52.6,70.1,6.68,63.7,41.0,0.921,35926,132,19.8,3,4,False,2.2.0
2026-09-13,54.3,70.8,7.02,69.0,56.3,0.964,17678,55,7.7,2,4,False,2.2.0
2026-09-14,56.1,63.1,7.86,66.8,54.6,0.98,9387,0,0.0,2,4,False,2.2.0
2026-09-15,56.8,60.8,6.92,67.5,44.5,0.939,25686,109,12.1,3,4,False,2.2.0
2026-09-16,54.0,72.0,6.34,63.6,23.1,0.987,20421,61,8.5,2,4,False,2.2.0
2026-09-17,54.9,59.9,7.24,67.5,29.9,0.963,27283,109,13.3,3,4,False,2.2.0
2026-09-18,56.1,65.5,7.42,74.2,39.1,0.993,17359,54,7.3,2,4,False,2.2.0
2026-09-19,54.3,39.8,6.94,67.3,40.5,0.934,38690,145,21.8,3,4,False,2.2.0
2026-09-20,57.3,41.6,7.04,69.9,25.5,0.921,20443,61,8.5,2,4,False,2.2.0
2026-09-21,55.2,44.0,6.72,70.9,37.5,0.992,5385,0,0.0,2,4,False,2.2.0
2026-09-22,55.2,42.1,6.87,73.2,28.2,0.964,26643,120,13.3,3,4,False,2.2.0
2026-09-23,59.7,45.5,7.4,66.7,27.2,0.982,20309,67,9.3,2,4,False,2.2.0
2026-09-24,61.2,41.5,6.59,77.0,33.7,0.984,28791,120,14.6,4,2,False,2.2.0
2026-09-25,61.0,41.6,6.63,73.7,25.8,0.982,18190,60,8.0,4,2,False,2.2.0
2026-09-26,62.2,38.2,7.4,72.9,40.3,0.961,39270,160,24.0,4,2,False,2.2.0
2026-09-27,61.0,44.1,7.14,65.7,56.1,0.988,20482,67,9.3,4,2,False,2.2.0
2026-09-28,60.9,39.4,7.19,74.7,45.2,0.977,10048,0,0.0,4,2,False,2.2.0
